Landesindex der Konsumentenpreise,,,,,,,,,Indice des prix à la consommation,,,,,,Indice nazionale dei prezzi al consumo,,,,,,Swiss Consumer Price Index,,,,,
Warenkorbstruktur 2010,,,,,,,,,Panier-type 2010,,,,,,Paniere tipo 2010,,,,,,Basket of goods 2010,,,,,
Basis Dezember 2010=100,,,,,,,,,Base décembre 2010=100,,,,,,Base dicembre 2010=100,,,,,,Base december 2010=100,,,,,
GP Nr.,COICOP,Pos,deutsch,,,,,,français,,,,,,italiano,,,,,,english,,,,,
,,,,,,,,,,,,,,,,,,,,,,,,,,
100,,1,Total,,,,,,Total,,,,,,Totale,,,,,,Total,,,,,
1,'01,2,Nahrungsmittel und alkoholfreie Getränke,,,,,,Alimentation et boissons non-alcoolisées,,,,,,"Prodotti alimentari, bevande analcoliche",,,,,,Food and non-alcoholic beverages,,,,,
1001,'01.1,3,Nahrungsmittel,,,,,,Alimentation,,,,,,Prodotti alimentari,,,,,,Food,,,,,
1002,'01.1.1,3,,"Brot, Mehl und Nährmittel",,,,,,"Pain, farine et produits alimentaires",,,,,,"Pane, farina e cereali",,,,,,"Bread, flour and food products",,,,
1003,,4,,,Reis,,,,,,Riz,,,,,,Riso,,,,,,Rice,,,
1008,,4,,,Mehl,,,,,,Farine,,,,,,Farina,,,,,,Flour,,,
1014,,3,,,"Brot, Konditorei- und Dauerbackwaren",,,,,,"Pain, pâtisserie et autres articles de boulangerie",,,,,,"Pane, prodotti di pasticceria e altra panetteria",,,,,,"Bread, pastries and other baked products",,,
1015,,4,,,,Brot,,,,,,Pain,,,,,,Pane,,,,,,Bread,,
1027,,4,,,,Kleinbrot und -gebäck,,,,,,Produits de petite boulangerie,,,,,,Piccola panetteria,,,,,,Small baked goods,,
1036,,4,,,,Feingebäck und Konditoreiwaren,,,,,,"Viennoiseries, produits de pâtisserie",,,,,,Prodotti di pasticceria,,,,,,"Viennese pastries, pastry products",,
1048,,4,,,,Dauerbackwaren,,,,,,"Produits de biscuiterie, biscotterie",,,,,,Pasticceria a lunga conservazione,,,,,,Biscuit/rusk products,,
1058,,4,,,Teigwaren,,,,,,Pâtes,,,,,,Pasta alimentare,,,,,,Pasta,,,
1065,,4,,,Andere Getreideprodukte,,,,,,Autres produits céréaliers,,,,,,Altri prodotti a base di cereali,,,,,,Other cereal products,,,
1074,'01.1.2,3,,"Fleisch, Fleischwaren",,,,,,"Viande, Charcuterie et Saucisses",,,,,,Carni e preparati di carne,,,,,,"Meat, cold cuts and sausages",,,,
1075,,3,,,"Fleisch, frisch oder tiefgekühlt",,,,,,"Viande, fraîche ou congelée",,,,,,"Carne, fresca o surgelata",,,,,,"Meat, fresh or frozen",,,
1076,,4,,,,Rindfleisch,,,,,,Viande de boeuf,,,,,,Carne di manzo,,,,,,Beef,,
1088,,4,,,,Kalbfleisch,,,,,,Viande de veau,,,,,,Carne di vitello,,,,,,Veal,,
1097,,4,,,,Schweinefleisch,,,,,,Viande de porc,,,,,,Carne di maiale,,,,,,Pork,,
1107,,4,,,,Schaffleisch,,,,,,Viande d'agneau,,,,,,Carne ovina,,,,,,Lamb,,
1115,,4,,,,Geflügel,,,,,,Volaille,,,,,,Pollame,,,,,,Poultry,,
1133,,4,,,,Anderes Fleisch,,,,,,Autre viande,,,,,,Altra carne,,,,,,Other meat,,
1144,,3,,,Fleisch- und Wurstwaren,,,,,,Produits carnés et saucisses,,,,,,Prodotti di carne e salumi,,,,,,Processed meat and sausages,,,
1145,,4,,,,Wurstwaren,,,,,,Saucisses,,,,,,Salumi,,,,,,Sausages,,
1170,,4,,,,Fleischwaren und zubereitetes Fleisch,,,,,,Produits carnés et viande cuisinée,,,,,,Prodotti di carne e preparati di carne,,,,,,Processed meat and cooked meat,,
1179,'01.1.3,3,,Fisch und Fischwaren,,,,,,"Poissons, crustacés et fruits de mer",,,,,,Pesce e preparati di pesce,,,,,,"Fish, crustaceans and seafood",,,,
1180,,4,,,"Fische, frisch",,,,,,Poissons frais,,,,,,Pesce fresco,,,,,,Fresh fish,,,
1187,,4,,,"Fische, tiefgekühlt",,,,,,Poissons congelés,,,,,,Pesce surgelato,,,,,,Frozen fish,,,
1192,,4,,,Fischkonserven und geräucherter Fisch,,,,,,Conserves de poisson et poisson fumé,,,,,,Conserve di pesce e pesce affumicato,,,,,,Tinned fish and smoked fish,,,
1198,'01.1.4,3,,"Milch, Käse, Eier",,,,,,"Lait, fromage, oeufs",,,,,,"Latte, formaggi, uova",,,,,,"Milk, cheese and eggs",,,,
1199,,3,,,Milch,,,,,,Lait,,,,,,Latte,,,,,,Milk,,,
1200,,4,,,,Vollmilch,,,,,,Lait entier,,,,,,Latte intero,,,,,,Whole milk,,
1207,,4,,,,Andere Milch,,,,,,Autre type de lait,,,,,,Altro latte,,,,,,Other type of milk,,
1212,,3,,,Käse,,,,,,Fromage,,,,,,Formaggio,,,,,,Cheese,,,
1218,,4,,,,Halbhart- und Hartkäse,,,,,,Fromage à pâte dure et mi-dure,,,,,,Formaggio a pasta dura e semidura,,,,,,Hard and semi-hard cheese,,
1230,,4,,,,"Frisch-, Weich- und Schmelzkäse",,,,,,"Fromage frais, à pâte molle et fondu",,,,,,"Formaggio fresco, a pasta molle e fuso",,,,,,"Fresh, soft and melted cheese",,
1246,,4,,,Andere Milcherzeugnisse,,,,,,Autres produits laitiers,,,,,,Altri latticini,,,,,,Other dairy products,,,
1265,,4,,,Rahm,,,,,,Crème,,,,,,Panna,,,,,,Cream,,,
1278,,4,,,Eier,,,,,,Oeufs,,,,,,Uova,,,,,,Eggs,,,
1284,'01.1.5,3,,Speisefette und -öle,,,,,,Graisses et huiles comestibles,,,,,,Grassi e oli commestibili,,,,,,Fats and edible oils,,,,
1285,,4,,,Butter,,,,,,Beurre,,,,,,Burro,,,,,,Butter,,,
1293,,4,,,"Margarine, Speisefette und -öle",,,,,,"Margarine, graisses, huiles comestibles",,,,,,"Margarina, grassi e oli commestibili",,,,,,"Margarine, fats, edible oils",,,
1305,,3,,"Früchte, Gemüse, Kartoffeln und Pilze",,,,,,"Fruits, légumes, pommes de terre et champignons",,,,,,"Frutta, verdura, patate e funghi",,,,,,"Fruit, vegetables, potatoes and mushrooms",,,,
1306,'01.1.6,3,,,Früchte,,,,,,Fruits,,,,,,Frutta,,,,,,Fruits,,,
1307,,3,,,,Frische Früchte,,,,,,Fruits frais,,,,,,Frutta fresca,,,,,,Fresh fruit,,
1308,,4,,,,,Zitrusfrüchte,,,,,,Agrumes,,,,,,Agrumi,,,,,,Citrus fruit,
1316,,4,,,,,Steinobst,,,,,,Fruits à noyaux,,,,,,Frutta con nocciolo,,,,,,Stone fruit,
1325,,4,,,,,Kernobst,,,,,,Fruits à pépins,,,,,,Frutta a semi,,,,,,Pome fruit,
1333,,4,,,,,Bananen,,,,,,Bananes,,,,,,Banane,,,,,,Bananas,
1338,,4,,,,,Andere Früchte,,,,,,Autres fruits,,,,,,Altra frutta,,,,,,Other fruits,
1347,,4,,,,Konservierte Früchte,,,,,,"Fruits secs, surgelés et en conserve",,,,,,"Frutta secca, surgelata e in conserve",,,,,,"Dried, frozen and tinned fruit",,
1359,'01.1.7,3,,,"Gemüse, Kartoffeln und Pilze",,,,,,"Légumes, pommes de terre et champignons",,,,,,"Verdura, patate e funghi",,,,,,"Pulses, potatoes and mushrooms",,,
1360,,3,,,,"Frisches Gemüse, Kartoffeln und Pilze",,,,,,"Légumes frais, pommes de terre et champignons",,,,,,"Verdura fresca, patate e funghi",,,,,,"Fresh vegetables, potatoes and mushrooms",,
1361,,4,,,,,Fruchtgemüse,,,,,,Légumes-fruits,,,,,,Ortaggi,,,,,,Fruiting vegetables,
1369,,4,,,,,Wurzelgemüse,,,,,,Légumes-racines,,,,,,Radici commestibili,,,,,,Root vegetables,
1379,,4,,,,,Salatgemüse,,,,,,Légumes-salades,,,,,,Insalata,,,,,,Salad vegetables,
1391,,4,,,,,Kohlgemüse,,,,,,Légumes-choux,,,,,,Cavoli,,,,,,Brassicas,
1400,,4,,,,,Zwiebeln,,,,,,Oignons,,,,,,Cipolle,,,,,,Onions,
1407,,4,,,,,Andere Gemüse und Pilze,,,,,,Autres légumes et champignons,,,,,,Altra verdura e funghi,,,,,,Other vegetables and mushrooms,
1417,,4,,,,,Kartoffeln,,,,,,Pommes de terre,,,,,,Patate,,,,,,Potatoes,
1423,,4,,,,Konservierte Gemüse und Pilze,,,,,,"Légumes et champignons séchés, surgelés et en conserve",,,,,,"Ortaggi e funghi secchi, surgelati e in conserve",,,,,,"Dried, frozen, tinned vegetables and mushrooms",,
1440,,4,,,,Kartoffelhaltige Produkte,,,,,,Dérivés de la pomme de terre,,,,,,Derivati dalle patate,,,,,,Potato products,,
1448,'01.1.8,3,,"Zucker, Konfitüren, Honig, Schokolade und andere Süsswaren",,,,,,"Sucre, confiture, miel, chocolat et autres aliments sucrés",,,,,,"Zucchero, marmellata, miele, cioccolata e altri dolciumi",,,,,,"Sugar, jam, honey/other sugary foods",,,,
1449,,4,,,Konfitüren und Bienenhonig,,,,,,Confitures et miel d'abeilles,,,,,,Marmellata e miele d'api,,,,,,Jam and honey,,,
1455,,4,,,Schokolade,,,,,,Chocolat,,,,,,Cioccolato,,,,,,Chocolate,,,
1461,,4,,,Süsswaren,,,,,,Bonbons et chewing-gum,,,,,,Dolciumi,,,,,,Sweets and chewing gum,,,
1468,,4,,,Speiseeis,,,,,,Glaces,,,,,,Gelati alimentari,,,,,,Ice-cream,,,
1475,,4,,,Zucker,,,,,,Sucre,,,,,,Zucchero,,,,,,Sugar,,,
1481,'01.1.9,3,,Sonstige Nahrungsmittel,,,,,,Autres produits d'alimentation,,,,,,Altri prodotti alimentari,,,,,,Other food products,,,,
1482,,4,,,"Trockensuppen, Gewürze, Saucen",,,,,,"Soupes en poudre, épices, sauces",,,,,,"Minestre in polvere, spezie, salse",,,,,,"Soup powders, spices, sauces",,,
1505,,4,,,Küchenfertige Nahrungsmittel,,,,,,Produits alimentaires prêts à l'emploi,,,,,,Alimenti precotti,,,,,,Ready-made foods,,,
1517,'01.2,3,Alkoholfreie Getränke (Detailhandel),,,,,,Boissons non alcoolisées (Commerce de détail),,,,,,Bevande analcoliche (Commercio al dettaglio),,,,,,Non-alcoholic beverages,,,,,
1518,'01.2.1,3,,"Kaffee, Tee, Kakao und Nährgetränke",,,,,,"Café, thé, cacao et boissons nutritives",,,,,,"Caffè, tè, cacao e bevande fortificanti",,,,,,"Coffee, tea, cocoa and nutritional beverages",,,,
1530,,4,,,Kaffee (Detailhandel),,,,,,Café (Commerce de détail),,,,,,Caffè (Commercio al dettaglio),,,,,,Coffee (Retail),,,
1532,,4,,,Tee (Detailhandel),,,,,,Thé (Commerce de détail),,,,,,Tè (Commercio al dettaglio),,,,,,Tea (Retail),,,
1539,,4,,,Kakao und Nährgetränke,,,,,,Cacao et boissons nutritives,,,,,,Cacao e bevande fortificanti,,,,,,Cocoa and nutritional beverages,,,
1544,'01.2.2,3,,"Mineralwasser, Süssgetränke und Säfte",,,,,,"Eaux minérales, boissons sucrées et jus",,,,,,"Acqua minerale, bevande edulcorate e succhi",,,,,,"Mineral waters, soft drinks and juices",,,,
1545,,4,,,Natürliche Mineralwasser (Detailhandel),,,,,,Eaux minérales naturelles (Commerce de détail),,,,,,Acqua minerale naturale (Commercio al dettaglio),,,,,,Natural mineral water,,,
1552,,4,,,Süssgetränke (Detailhandel),,,,,,Boissons sucrées (Commerce de détail),,,,,,Bevande edulcorate (Commercio al dettaglio),,,,,,Soft drinks,,,
1563,,4,,,Frucht- und Gemüsesäfte (Detailhandel),,,,,,Jus de fruits ou de légumes (Commerce de détail),,,,,,Succhi di frutta e di ortaggi (Commercio al dettaglio),,,,,,Fruit or vegetable juices,,,
2,'02,2,Alkoholische Getränke und Tabak,,,,,,Boissons alcoolisées et tabacs,,,,,,Bevande alcoliche e tabacchi,,,,,,Alcoholic beverages and tobacco,,,,,
2001,'02.1,3,Alkoholische Getränke (Detailhandel),,,,,,Boissons alcoolisées (Commerce de détail),,,,,,Bevande alcoliche (Commercio al dettaglio),,,,,,Alcoholic beverages,,,,,
2002,'02.1.1,3,,Spirituosen,,,,,,Spiritueux,,,,,,Acquaviti e liquori,,,,,,Spirits,,,,
2003,,4,,,Brände (Detailhandel),,,,,,Eau-de-vie (Commerce de détail),,,,,,Acquavite (Commercio al dettaglio),,,,,,Spirits/brandies,,,
2010,,4,,,Likör und Apéro-Getränke (Detailhandel),,,,,,Liqueurs et apéritifs (Commerce de détail),,,,,,Liquori e aperitivi (Commercio al dettaglio),,,,,,Liqueurs and aperitifs,,,
2017,'02.1.2,3,,Wein (Detailhandel),,,,,,Vin (Commerce de détail),,,,,,Vino (Commercio al dettaglio),,,,,,Wine (Retail),,,,
2018,,3,,,Rotwein,,,,,,Vin rouge,,,,,,Vino rosso,,,,,,Red Wine,,,
2019,,4,,,,"Rotwein, inländisch (Detailhandel)",,,,,,Vin rouge indigène (Commerce de détail),,,,,,Vino rosso indigeno (Commercio al dettaglio),,,,,,Swiss red wine,,
2031,,4,,,,"Rotwein, ausländisch (Detailhandel)",,,,,,Vin rouge étranger (Commerce de détail),,,,,,Vino rosso importato (Commercio al dettaglio),,,,,,Foreign red wine,,
2045,,3,,,Weisswein,,,,,,Vin blanc,,,,,,Vino bianco,,,,,,White wine,,,
2046,,4,,,,"Weisswein, inländisch (Detailhandel)",,,,,,Vin blanc indigène (Commerce de détail),,,,,,Vino bianco indigeno (Commercio al dettaglio),,,,,,Swiss white wine,,
2056,,4,,,,"Weisswein, ausländisch (Detailhandel)",,,,,,Vin blanc étranger (Commerce de détail),,,,,,Vino bianco importato (Commercio al dettaglio),,,,,,Foreign white wine,,
2058,,4,,,Schaumwein (Detailhandel),,,,,,Vin mousseux (Commerce de détail),,,,,,Vini spumanti (Commercio al dettaglio),,,,,,Sparkling wine,,,
2064,'02.1.3,4,,Bier (Detailhandel),,,,,,Bière (Commerce de détail),,,,,,Birra (Commercio al dettaglio),,,,,,Beer (Retail),,,,
2075,'02.2,3,Tabakwaren,,,,,,Tabacs,,,,,,Tabacchi,,,,,,Tobacco,,,,,
2076,,4,,Zigaretten,,,,,,Cigarettes,,,,,,Sigarette,,,,,,Cigarettes,,,,
2082,,4,,Andere Tabakwaren,,,,,,Autres tabacs,,,,,,Altri tabacchi,,,,,,Other tobaccos,,,,
3,'03,2,Bekleidung und Schuhe,,,,,,Habillement et chaussures,,,,,,Indumenti e calzature,,,,,,Clothing and footwear,,,,,
3001,'03.1,3,Bekleidung,,,,,,Habillement,,,,,,Indumenti,,,,,,Clothing,,,,,
3002,'03.1.2,3,,Bekleidungsartikel,,,,,,Articles d'habillement,,,,,,Articoli d'abbigliamento,,,,,,Articles of clothing,,,,
3003,,3,,,Herrenbekleidung,,,,,,Vêtements pour hommes,,,,,,Indumenti da uomo,,,,,,Garments for men,,,
3004,,4,,,,"Mäntel, Jacken und Vestons, Herren",,,,,,"Manteaux, vestes et vestons pour hommes",,,,,,"Cappotti, giacche, giacchette da umo",,,,,,"Men's coats, jackets",,
3015,,4,,,,"Anzüge, Herren",,,,,,Complets pour hommes,,,,,,Completi da uomo,,,,,,Men's suits,,
3020,,4,,,,"Hosen, Herren",,,,,,Pantalons pour hommes,,,,,,Pantaloni da uomo,,,,,,Men's trousers,,
3027,,4,,,,"Oberhemden, Herren",,,,,,Chemises pour hommes,,,,,,Camicie da uomo,,,,,,Men's shirts,,
3033,,4,,,,"Strickwaren, Herren",,,,,,Tricots pour hommes,,,,,,Maglieria da uomo,,,,,,Men's sweaters,,
3041,,4,,,,"Unterwäsche, Herren",,,,,,Sous-vêtements pour hommes,,,,,,Biancheria intima da uomo,,,,,,Men's underwear,,
3060,,3,,,Damenbekleidung,,,,,,Vêtements pour femmes,,,,,,Indumenti da donna,,,,,,Garments for women,,,
3061,,4,,,,"Mäntel, Damen",,,,,,Manteaux pour femmes,,,,,,Cappotti da donna,,,,,,Women's coats,,
3067,,,,,,,,"Kostüme, Hosenanzüge, Kleider",,,,,,"Ensembles, ensembles à pantalons, robes",,,,,,"Abiti a giacca, completo pantalone, vestiti",,,,,,...
3074,,4,,,,"Jupes und Kleider, Damen",,,,,,Jupes et robes pour femmes,,,,,,Gonne e vestiti da donna,,,,,,Women's skirts and dresses,,
3079,,4,,,,"Hosen, Damen",,,,,,Pantalons pour femmes,,,,,,Pantaloni da donna,,,,,,Women's trousers,,
3086,,4,,,,"Jacken, Damen",,,,,,Vestes pour femmes,,,,,,Giacche da donna,,,,,,Women's jackets,,
3093,,4,,,,"Blusen und Hemdblusen, Damen",,,,,,Blouses et chemisiers pour femmes,,,,,,Camicette e bluse da donna,,,,,,Women's blouses,,
3099,,4,,,,"Strickwaren, Damen",,,,,,Tricots pour femmes,,,,,,Maglieria da donna,,,,,,Women's jumpers,,
3106,,4,,,,"Unterwäsche, Damen",,,,,,Sous-vêtements pour femmes,,,,,,Biancheria intima da donna,,,,,,Women's underwear,,
3125,,3,,,Kinderbekleidung,,,,,,Vêtements pour enfants,,,,,,Indumenti da bambino/a,,,,,,Garments for children,,,
3126,,4,,,,"Mäntel und Jacken, Kinder",,,,,,Manteaux et vestes pour enfants,,,,,,Cappotti e giacche da bambina/o,,,,,,Children's coats and jackets,,
3134,,4,,,,"Hosen und Jupe, Kinder",,,,,,Pantalons et jupes pour enfants,,,,,,"Pantaloni e gonne, da bambino/a",,,,,,Children's trousers and skirts,,
3141,,4,,,,"Strickwaren, Kinder",,,,,,Tricots pour enfants,,,,,,Maglieria da bambino/a,,,,,,Children's jerseys,,
3148,,4,,,,Babybekleidung,,,,,,Vêtements de bébés,,,,,,Indumenti per bebè,,,,,,Baby clothes,,
3150,,4,,,,"Strumpfwaren und Unterwäsche, Kinder",,,,,,Bonneterie et sous-vêtements pour enfants,,,,,,Maglieria e biancheria intima da bambino/a,,,,,,Children's hosiery and underwears,,
3300,,3,,,Sportbekleidung,,,,,,Vêtements de sport,,,,,,Indumenti per sport,,,,,,Sportswear,,,
3310,,4,,,,Wintersportbekleidung,,,,,,Vêtements de sport d'hiver,,,,,,Indumenti per sport invernali,,,,,,Winter sportswear,,
3320,,4,,,,Sommer-/ Ganzjahrsportbekleidung,,,,,,Vêtements de sport d'été et pour toute l'année,,,,,,Indumenti per sport estivi e per tutto l'anno,,,,,,Summer/Year-round sportswear,,
3168,'03.1.1/.3,3,,Bekleidungszubehör und -stoffe,,,,,,Autres articles d'habillement/tissus,,,,,,Altri articoli d'abbigliamento/stoffe,,,,,,Other articles of clothing/fabrics,,,,
3169,,4,,,Kleiderstoffe,,,,,,Tissus pour l'habillement,,,,,,Stoffe per l'abbigliamento,,,,,,Garment fabrics,,,
3175,,4,,,Mercerie und Strickwolle,,,,,,Mercerie et laine à tricoter,,,,,,Merceria e lana per lavori a maglia,,,,,,Haberdashery and knitting wool,,,
3183,,4,,,Anderes Bekleidungszubehör,,,,,,Autres accessoires pour l'habillement,,,,,,Altri accessori per l'abbigliamento,,,,,,Other clothing accessories,,,
3189,'03.1.4,3,,Reinigung und Reparatur von Bekleidung,,,,,,Nettoyage et réparation de vêtements,,,,,,Pulizia e riparazione di vestiti,,,,,,Dry-cleaning and repair of garments,,,,
3190,,4,,,Kleideränderungen,,,,,,Retouches aux vêtements,,,,,,Riparazioni di vestiti,,,,,,Garment alterations,,,
3198,,4,,,Textilreinigung,,,,,,Nettoyage à sec et blanchissage,,,,,,Pulitura a secco e lavaggio,,,,,,Dry cleaning,,,
3210,'03.2,3,Schuhe einschliesslich Reparatur,,,,,,Chaussures y compris réparation,,,,,,"Calzature, riparazione compresa",,,,,,Footwear including repairs,,,,,
3211,'03.2.1,3,,Schuhe,,,,,,Chaussures,,,,,,Calzature,,,,,,Footwear,,,,
3212,,4,,,Damenschuhe,,,,,,Chaussures pour femmes,,,,,,Calzature da donna,,,,,,Women's footwear,,,
3220,,4,,,Herrenschuhe,,,,,,Chaussures pour hommes,,,,,,Scarpe da uomo,,,,,,Men's footwear,,,
3228,,4,,,Kinderschuhe,,,,,,Chaussures pour enfants,,,,,,Calzature da bambini,,,,,,Children's footwear,,,
3237,'03.2.2,4,,Reparatur von Schuhen,,,,,,Réparations de chaussures,,,,,,Riparazioni di calzature,,,,,,Shoe repairs,,,,
4,'04,2,Wohnen und Energie,,,,,,Logement et énergie,,,,,,Abitazione ed energia,,,,,,Housing and energy,,,,,
4001,'04.1,3,Miete,,,,,,Loyer,,,,,,Affitto,,,,,,Rent,,,,,
4002,,4,,Wohnungsmiete,,,,,,Loyer du logement,,,,,,Affitto dell'abitazione,,,,,,Housing rental,,,,
4005,,4,,Garagen- und Parkplatzmiete,,,,,,Location de garages et de places de parc,,,,,,Affitto garage e posteggio,,,,,,"Rental of garages, parking spaces",,,,
4009,,3,Laufender Unterhalt der Wohnung,,,,,,Entretien courant du logement,,,,,,Manutenzione regolare dell'abitazione,,,,,,Regular maintenance of housing,,,,,
4010,'04.3.1,4,,Material für Wohnungsunterhalt,,,,,,Produits d'entretien du logement,,,,,,Materiali per la manutenzione dell'abitazione,,,,,,Products for housing maintenance and repair,,,,
4020,'04.3.2,4,,Dienstleistungen für Wohnungsunterhalt,,,,,,Services d'entretien du logement,,,,,,Servizi per la manutenzione dell'abitazione,,,,,,Services for housing maintenance and repair,,,,
4028,'04.4,4,Gebühren,,,,,,Taxes,,,,,,Tasse,,,,,,Charges,,,,,
4049,'04.5,3,Energie,,,,,,Energie,,,,,,Energia,,,,,,Energy,,,,,
4070,'04.5.1,3,,Elektrizität,,,,,,Electricité,,,,,,Elettricità,,,,,,Electricity,,,,
4071,,4,,,"Elektrizität, Verbrauchstyp I",,,,,,"Electricité,type de consommation I",,,,,,"Elettricità, tipo di consumo I",,,,,,"Electricity, consumer type I",,,
4073,,4,,,"Elektrizität, Verbrauchstyp II",,,,,,"Electricité,type de consommation II",,,,,,"Elettricità, tipo di consumo II",,,,,,"Electricity, consumer type II",,,
4075,,4,,,"Elektrizität, Verbrauchstyp III",,,,,,"Electricité,type de consommation III",,,,,,"Elettricità, tipo di consumo III",,,,,,"Electricity, consumer type III",,,
4077,,4,,,"Elektrizität, Verbrauchstyp IV",,,,,,"Electricité,type de consommation IV",,,,,,"Elettricità, tipo di consumo IV",,,,,,"Electricity, consumer type IV",,,
4079,,4,,,"Elektrizität, Verbrauchstyp V",,,,,,"Electricité,type de consommation V",,,,,,"Elettricità, tipo di consumo V",,,,,,"Electricity, consumer type V",,,
4081,,4,,,"Elektrizität, Verbrauchstyp VI",,,,,,"Electricité,type de consommation VI",,,,,,"Elettricità, tipo di consumo VI",,,,,,"Electricity, consumer type VI",,,
4083,,4,,,"Elektrizität, Verbrauchstyp VII",,,,,,"Electricité,type de consommation VII",,,,,,"Elettricità, tipo di consumo VII",,,,,,"Electricity, consumer type VII",,,
4050,'04.5.2,3,,Gas,,,,,,Gaz,,,,,,Gas,,,,,,Gas,,,,
4053,,4,,,"Gas, Verbrauchstyp II",,,,,,"Gaz, type de consommation II",,,,,,"Gas, tipo di consumo II",,,,,,"Gas, consumer type II",,,
4055,,4,,,"Gas, Verbrauchstyp III",,,,,,"Gaz, type de consommation III",,,,,,"Gas, tipo di consumo III",,,,,,"Gas, consumer type III",,,
4057,,4,,,"Gas, Verbrauchstyp IV",,,,,,"Gaz, type de consommation IV",,,,,,"Gas, tipo di consumo IV",,,,,,"Gas, consumer type IV",,,
4059,,4,,,"Gas, Verbrauchstyp V",,,,,,"Gaz, type de consommation V",,,,,,"Gas, tipo di consumo V",,,,,,"Gas, consumer type V",,,
4090,'04.5.3,4,,Heizöl,,,,,,Mazout,,,,,,Olio da riscaldamento,,,,,,Heating oil,,,,
4110,'04.5.4,4,,Holz,,,,,,Bois,,,,,,Legno,,,,,,Wood,,,,
4100,'04.5.5,4,,Fernwärme,,,,,,Chauffage à distance,,,,,,Riscaldamento a distanza,,,,,,Remote heating,,,,
5,'05.,2,Hausrat und laufende Haushaltsführung,,,,,,Equipement ménager et entretien courant,,,,,,"Mobili, articoli e servizi per la casa",,,,,,Household furniture and furnishings and routine maintenance,,,,,
5001,'05.1,3,Einrichtungsgegenstände und Bodenbeläge,,,,,,"Aménagement, équipement et revêtement de sol",,,,,,"Mobili, arredamenti e rivestimenti per pavimenti",,,,,,"Furniture, furnishings and floor coverings",,,,,
5002,'05.1.1,3,,Möbel und Einrichtungszubehör,,,,,,Ameublement et équipement,,,,,,Mobili ed arredamenti,,,,,,Furniture and furnishings,,,,
5003,,4,,,Wohnzimmermöbel,,,,,,Meubles de séjour,,,,,,Mobili da soggiorno,,,,,,Living room,,,
5020,,4,,,Schlafzimmermöbel,,,,,,Meubles de chambre à coucher,,,,,,Mobili da camera da letto,,,,,,Bedroom,,,
5040,,4,,,Küchen- und Gartenmöbel,,,,,,Meubles de cuisine et de jardin,,,,,,Mobili da cucina e giardino,,,,,,Kitchen and garden,,,
5050,,4,,,Einrichtungszubehör,,,,,,Articles d'équipement,,,,,,Accessori d'arredamento,,,,,,Furnishings,,,
5060,'05.1.2,4,,Bodenbeläge und Teppiche,,,,,,Revêtement de sol et tapis,,,,,,Rivestimenti per pavimenti e tappeti,,,,,,Floor coverings and carpets,,,,
5070,'05.2,3,"Heimtextilien, Haushaltswäsche und Zubehör",,,,,,Articles de ménage en textile et linges,,,,,,Tessili per la casa e biancheria,,,,,,Household textiles,,,,,
5071,,4,,Bettzeug und Haushaltswäsche,,,,,,Draps de lit et articles textiles ménagers,,,,,,Coperte e biancheria da letto e per uso domestico,,,,,,Bed linen and household linen,,,,
5090,,4,,Vorhänge und Zubehör,,,,,,Rideaux et éléments de rideaux,,,,,,Tende ed accessori,,,,,,Curtains and curtain accessories,,,,
5100,'05.3,3,Haushaltsgeräte,,,,,,Appareils ménagers,,,,,,Elettrodomestici,,,,,,Household appliances,,,,,
5101,'05.3.1,4,,Grosse elektrische Haushaltsgeräte,,,,,,Appareils électroménagers de grandes dimensions,,,,,,Grandi elettrodomestici,,,,,,Major household appliances,,,,
5120,'05.3.2,4,,Kleine elektrische Haushaltsgeräte,,,,,,Appareils électroménagers de dimensions réduites,,,,,,Piccoli elettrodomestici,,,,,,Smaller electric household appliances,,,,
5140,'05.4,3,"Glaswaren, Geschirr und andere Gebrauchsgüter für die Haushaltsführung",,,,,,"Verrerie, vaisselle et autres ustensiles de ménage",,,,,,"Oggetti di vetro, stoviglie e altri utensili domestici",,,,,,"Glassware, tableware and household utensils",,,,,
5141,,4,,Küchen- und Kochgeräte,,,,,,Ustensiles de cuisine,,,,,,Utensili per la cucina,,,,,,Kitchen utensils,,,,
5150,,4,,Geschirr und Besteck,,,,,,Vaisselle et couverts,,,,,,Piatti e posate,,,,,,Tableware and cutlery,,,,
5170,,4,,Andere Gebrauchsgüter für die Haushaltsführung,,,,,,Autres ustensiles de ménage,,,,,,Altri utensili domestici,,,,,,Other household utensils,,,,
5180,'05.5,3,"Werkzeuge, Kleinmaterial und anderes Zubehör für Haus und Garten",,,,,,"Outillage, petit matériel et accessoires pour la maison et le jardin",,,,,,"Utensili, attrezzature e altri accessori per casa e giardino",,,,,,"Tools, equipment and accessories for house and garden",,,,,
5181,'05.5.1,4,,Motorenbetriebene Werkzeuge für Haus und Garten,,,,,,Outillage  motorisé pour le bricolage et le jardinage,,,,,,Utensili e attrezzature a motore per casa e giardino,,,,,,Motorized tools for DIY and garden,,,,
5200,'05.5.2,3,,"Handwerkzeuge, Kleinmaterial und Zubehör für Haus und Garten",,,,,,Outillage et accessoires pour la maison et le jardin,,,,,,Utensili e accessori per casa e giardino,,,,,,Tools for house and garden,,,,
5201,,4,,,Handwerkzeuge für Haus und Garten,,,,,,Outillage pour la maison et le jardin,,,,,,Attrezzi per la casa e il giardino,,,,,,Tools for house and garden,,,
5210,,4,,,Kleinmaterial und Zubehör für Haus und Garten,,,,,,Petit matériel et autres accessoires pour la maison et le jardin,,,,,,Piccolo materiale e altri accessori per casa e giardino,,,,,,Equipment and other accessories for house and garden,,,
5220,'05.6,3,Laufende Haushaltsführung,,,,,,Gestion courante du ménage,,,,,,Gestione corrente dell¿economia domestica,,,,,,Goods and services for routine household maintenance,,,,,
5221,'05.6.1,3,,Waren für die laufende Haushaltsführung,,,,,,Biens pour l'entretien courant de l'habitation,,,,,,Beni per la manutenzione corrente dell'abitazione,,,,,,Goods for routine household maintenance,,,,
5222,,4,,,Wasch- und Reinigungsmittel,,,,,,Produits de lessive et de nettoyage,,,,,,Detersivi e prodotti per la pulizia,,,,,,Detergents and cleaning products,,,
5250,,4,,,Putzmaterial,,,,,,Matériel de nettoyage,,,,,,Materiale per pulizie,,,,,,Cleaning articles,,,
5260,,4,,,Sonstiges Verbrauchsmaterial,,,,,,Autre matériel ménager,,,,,,Altro materiale per la casa,,,,,,Other household articles,,,
5280,'05.6.2,4,,Dienstleistungen für Wohnungsreinigung,,,,,,Service de nettoyage de l'appartement,,,,,,Servizio di pulizia dell'abitazione,,,,,,Household cleaning services,,,,
6,'06,2,Gesundheitspflege,,,,,,Santé,,,,,,Sanità,,,,,,Health,,,,,
6001,'06.1,3,Medizinische Erzeugnisse,,,,,,Produits et appareils thérapeutiques,,,,,,"Prodotti, attrezzature ed apparecchi medici",,,,,,Medical products and appliances,,,,,
6002,'06.1.1,4,,Medikamente,,,,,,Médicaments,,,,,,Medicamenti,,,,,,Medicines,,,,
6070,,4,,Sanitätsmaterial,,,,,,Matériel sanitaire,,,,,,Materiale sanitario,,,,,,Medical products,,,,
6016,'06.1.2,4,,Medizinische Apparate und Geräte,,,,,,Appareils thérapeutiques,,,,,,Apparecchi terapeutici,,,,,,Therapeutic appliances,,,,
6030,'06.2,3,Ambulante Dienstleistungen,,,,,,Service de consultation externe,,,,,,Servizi ambulatoriali,,,,,,Outpatient services,,,,,
6031,'06.2.1,4,,Ärztliche Leistungen,,,,,,Prestations médicales,,,,,,Prestazioni mediche,,,,,,Medical services,,,,
6036,'06.2.2,4,,Zahnärztliche Leistungen,,,,,,Services dentaires,,,,,,Prestazioni odontoiatriche,,,,,,Dental services,,,,
6051,'06.2.3,4,,Andere Gesundheitsleistungen,,,,,,Autres prestations sanitaires,,,,,,Altre prestazioni sanitarie,,,,,,Other health services,,,,
6059,'06.3,4,Spitalleistungen,,,,,,Services hospitaliers,,,,,,Servizi ospedalieri,,,,,,Hospital services,,,,,
7,'07,2,Verkehr,,,,,,Transports,,,,,,Trasporti,,,,,,Transport,,,,,
7001,,3,"Automobile, Motor- und Fahrräder",,,,,,"Voitures, motocycles et bicyclettes",,,,,,"Automobili, motocicli e biciclette",,,,,,"Cars, motorcycles, bicycles",,,,,
7002,'07.1,3,,"Kauf von Automobilen, Motor- und Fahrrädern",,,,,,"Achat de voitures, motocycles et bicyclettes",,,,,,"Acquisto di automobili, motocicli e biciclette",,,,,,"Purchase of cars motorcycles, bicycles",,,,
7003,'07.1.1A,4,,,Neue Automobile,,,,,,Voitures neuves,,,,,,Automobili nuove,,,,,,New cars,,,
7035,'07.1.1B,4,,,Occasions-Automobile,,,,,,Voitures d'occasion,,,,,,Automobili d'occasione,,,,,,Second-hand cars,,,
7062,'07.1.2,4,,,Motorräder,,,,,,Motocycles,,,,,,Motocicli,,,,,,Motorcycles,,,
7071,'07.1.3,4,,,Fahrräder,,,,,,Bicyclettes,,,,,,Biciclette,,,,,,Bicycles,,,
7081,'07.2,3,,"Betrieb und Unterhalt von Automobilen, Motor- und Fahrrädern",,,,,,"Utilisation et maintenance de voitures, motocycles et bicyclettes",,,,,,"Utilizzazione e manutenzione di automobili, motocicli e biciclette",,,,,,"Goods and services in connection with use of cars motorcycles, bicycles",,,,
7082,'07.2.1,3,,,Ersatzteile und Zubehör,,,,,,Pièces de rechange et accessoires,,,,,,Pezzi di ricambio e accessori,,,,,,Spare parts and accessories,,,
7083,,4,,,,Ersatzteile,,,,,,Pièces de rechange,,,,,,Pezzi di ricambio,,,,,,Spare parts,,
7096,,4,,,,Pneus und Zubehör,,,,,,Pneus et accessoires,,,,,,Pneumatici e accessori,,,,,,Tyres and accessories,,
7105,,3,,,Treibstoff,,,,,,Carburant,,,,,,Carburante,,,,,,Fuels,,,
7110,'07.2.2,4,,,,Benzin,,,,,,Essence,,,,,,Benzina,,,,,,Petrol,,
7111,,4,,,,Diesel,,,,,,Diesel,,,,,,Diesel,,,,,,Diesel,,
7113,'07.2.3,4,,,Service- und Reparaturarbeiten für Motorfahrzeuge,,,,,,Services et travaux de réparations pour véhicules motorisés,,,,,,Servizi e lavori di riparazione per veicoli motorizzati,,,,,,Repair services and work for motorized vehicles,,,
7128,,4,,,Service für Fahrräder,,,,,,Service pour bicyclettes,,,,,,Servizio per biciclette,,,,,,Maintenance for bicycles,,,
7130,'07.2.4,4,,,Sonstige Dienstleistungen für Individualverkehr,,,,,,Autres prestations pour le transport individuel,,,,,,Altri servizi di trasporto individuale,,,,,,Other services in respect of personal transport equipment,,,
7200,'07.3,3,Transportdienstleistungen,,,,,,Services de transport,,,,,,Servizi di trasporto,,,,,,Transport services,,,,,
7201,'07.31/2,3,,Öffentliche Transportdienstleistungen auf Schiene und Strasse,,,,,,Services de transports publics sur rail et route,,,,,,Servizi di trasporti pubblici su ferrovia e strada,,,,,,Public transport services by rail and road,,,,
7210,,4,,,Öffentlicher Verkehr: direkter Verkehr,,,,,,Transports publics: service direct,,,,,,Trasporti pubblici: servizio diretto,,,,,,Public transport: direct service,,,
7220,,4,,,Öffentlicher Verkehr: Verkehrsverbunde,,,,,,Transports publics: unions tarifaires,,,,,,Trasporti pubblici: comunità tariffali,,,,,,Public transport: combined services,,,
7300,'07.3.3,4,,Luftverkehr,,,,,,Transports aériens,,,,,,Trasporti aerei,,,,,,Air transport,,,,
7320,'07.3.2,4,,Taxi,,,,,,Taxi,,,,,,Taxi,,,,,,Taxi,,,,
8,'08,2,Nachrichtenübermittlung,,,,,,Communications,,,,,,Comunicazioni,,,,,,Communications,,,,,
8001,'08.1,4,Postdienste,,,,,,Services postaux,,,,,,Servizi postali,,,,,,Postal services,,,,,
8006,'08.2,4,Telekomgeräte,,,,,,Equipement et matériel téléphonique,,,,,,Apparecchi e materiali telefonici,,,,,,Telephone equipment,,,,,
8014,,3,Telekommunikation,,,,,,Services de télécommunication,,,,,,Servizi di telecomunicazione,,,,,,Telecommunication services,,,,,
8042,,4,,Festnetz-Kommunikation,,,,,,Communication réseau fixe,,,,,,Comunicazione rete fissa,,,,,,Fixed-line communication,,,,
8018,,4,,Mobilnetz-Kommunikation,,,,,,Communication réseau mobile,,,,,,Comunicazione rete mobile,,,,,,Mobile communication,,,,
9,'09,2,Freizeit und Kultur,,,,,,Loisirs et culture,,,,,,Tempo libero e cultura,,,,,,Recreation and culture,,,,,
9001,'09.1,3,"Geräte für Radio, TV, Fotografie und Datenverarbeitung",,,,,,"Equipements audiovisuels, photographiques et informatiques",,,,,,"Mezzi audiovisivi, apparecchiature fotografiche e per l'elaborazione di dati",,,,,,"Audiovisual, photographic and IT equipment",,,,,
9002,'09.1.1,3,,Fernseh- und Audio-Videogeräte,,,,,,Téléviseurs et appareils audio-vidéos,,,,,,Televisori e apparecchi audio-video,,,,,,Television sets and audiovisual appliances,,,,
9003,,4,,,Fernsehgeräte,,,,,,Téléviseurs,,,,,,Televisori,,,,,,Television sets,,,
9013,,4,,,Audio-Video-Geräte,,,,,,Appareils audio-vidéos,,,,,,Apparecchi audio-video,,,,,,Audiovisual appliances,,,
9029,'09.1.2,4,,"Foto-, Kino- und optische Geräte",,,,,,"Equipement photographique, cinématographique et instruments d'optique",,,,,,"Apparecchi foto e video, strumenti ottici",,,,,,"Photographic, cinematographic equipment and optical instruments",,,,
9046,'09.1.3,3,,Personalcomputer und Zubehör,,,,,,Ordinateurs personnels et accessoires,,,,,,Personal computer e accessori,,,,,,Personal computers and accessories,,,,
9048,,4,,,PC Hardware,,,,,,PC Hardware,,,,,,Hardware per computer,,,,,,PC Hardware,,,
9064,,4,,,Software für Computer,,,,,,Logiciel pour ordinateurs,,,,,,Software per computer,,,,,,Computer software,,,
9085,'09.1.4,4,,Speichermedien und Inhalte,,,,,,Support de données et contenus,,,,,,Supporti dati e contenuti,,,,,,Recording media and content,,,,
9120,'09.1.5,4,,Reparatur und Installationen,,,,,,Réparations et installations,,,,,,Riparazioni e installazioni,,,,,,Repair and installation,,,,
9200,'09.2,4,Musikinstrumente,,,,,,Instruments de musique,,,,,,Strumenti musicali,,,,,,Musical instruments,,,,,
9210,'09.3,3,"Sonstige Freizeitartikel und -geräte, Gartenartikel und Heimtiere",,,,,,"Autres articles et équipement de loisirs, jardin et animaux d'agrément",,,,,,"Altri articoli e attrezzature per attività ricreative, giardino e animali da compagnia",,,,,,"Other recreational items and equipment, gardens, pets",,,,,
9211,'09.3.1,4,,Spiel- und Hobbywaren,,,,,,"Jeux, jouets et passe-temps",,,,,,"Giochi, giocattoli e passatempi",,,,,,"Games, toys and hobbies",,,,
9230,'09.3.2,3,,Sportgeräte und Campingausrüstung,,,,,,Equipement de sport et camping,,,,,,Attrezzatura sport e campeggio,,,,,,Equipment for sports and camping,,,,
9231,,4,,,Wintersportartikel,,,,,,Articles de sport d'hiver,,,,,,Articoli sportivi invernali,,,,,,Winter sports equipment,,,
9250,,4,,,Sommer- und Ganzjahressportartikel,,,,,,Articles de sport d'été et toutes saisons,,,,,,Articoli sportivi estivi e per tutto l'anno,,,,,,"Summer/year-round sports articles, camping equipment",,,
9300,'09.3.3,4,,Pflanzen,,,,,,Plantes et fleurs,,,,,,Piante e fiori,,,,,,Plants and flowers,,,,
9320,'09.3.4,4,,Heimtierartikel,,,,,,Produits liés aux animaux d'agrément,,,,,,Prodotti relative agli animali domestici,,,,,,Pets and related products,,,,
9340,'09.3.5,4,,Tierärztliche Leistungen,,,,,,Services vétérinaires,,,,,,Servizi veterinari,,,,,,Veterinary services,,,,
9350,'09.4,3,Freizeit- und Kulturdienstleistungen,,,,,,Services récréatifs et culturels,,,,,,Servizi ricreativi e culturali,,,,,,Recreational and cultural services,,,,,
9351,'09.4.1,3,,Sport- und Freizeitaktivitäten,,,,,,Services sportifs et récréatifs,,,,,,Servizi sportivi e ricreativi,,,,,,Sporting and recreational services,,,,
9352,,4,,,Sportveranstaltungen,,,,,,Manifestations sportives,,,,,,Manifestazioni sportive,,,,,,Sporting events,,,
9400,,4,,,Sporteinrichtungen,,,,,,Installations sportives,,,,,,Impianti sportivi,,,,,,Sports facilities,,,
9420,,4,,,Bergbahnen und Skilifte,,,,,,"Chemins de fer de montagne, remontées mécaniques",,,,,,Funivie e sci-lift,,,,,,"Mountain railways, ski lifts.",,,
9435,'09.4.2,3,,Kultur- und andere Dienstleistungen,,,,,,Services culturels et autres services,,,,,,Servizi culturali e altri servizi,,,,,,Cultural and other services,,,,
9436,,4,,,Kino,,,,,,Cinéma,,,,,,Cinema,,,,,,Cinema,,,
9450,,4,,,Theater und Konzerte,,,,,,Théâtre et concerts,,,,,,Teatro e concerti,,,,,,Theatre and concerts,,,
9465,,4,,,"Radio- und Fernsehempfangsgebühren, Fernsehabonnemente",,,,,,"Redevances de réception (radio, TV), abonnements TV",,,,,,"Canoni radiotelevisivi, abbonamenti TV",,,,,,"Radio and television licences, digital TV",,,
9475,,4,,,Fotolabor,,,,,,Services pour la photo,,,,,,Servizi per la fotografia,,,,,,Photographic services,,,
9490,,4,,,Freizeitkurse,,,,,,Cours de loisirs,,,,,,Corsi di tempo libero,,,,,,Leisure-time courses,,,
9500,'09.5,3,"Zeitungen, Bücher und Schreibwaren",,,,,,"Edition, presse et papeterie",,,,,,"Giornali, libri e articoli di cartoleria",,,,,,"Books, Newspapers and stationery",,,,,
9501,'09.5.1,4,,Bücher und Broschüren,,,,,,Livres et brochures,,,,,,Libri e opuscoli,,,,,,Books and brochures,,,,
9525,'09.5.2,3,,Zeitungen und Zeitschriften,,,,,,Quotidiens et périodiques,,,,,,Giornali e periodici,,,,,,Daily newspapers and periodicals,,,,
9526,,4,,,Einzelnummern,,,,,,Au numéro,,,,,,Numeri singoli,,,,,,Purchased singly,,,
9535,,4,,,Abonnemente,,,,,,Par abonnement,,,,,,Abbonamenti,,,,,,By subscription,,,
9545,'09.5.3,4,,Sonstige Druckprodukte,,,,,,Autres imprimés,,,,,,Altri stampati,,,,,,Other printed matter,,,,
9555,'09.5.4,4,,Schreib- und Zeichenmaterial,,,,,,Matériel d'écriture et de dessin,,,,,,Materiale per scrivere e disegnare,,,,,,Writing and drawing materials,,,,
9570,'09.6,4,Pauschalreisen,,,,,,Voyages à forfait,,,,,,Viaggi forfetari,,,,,,Package holidays,,,,,
10,'10,2,Erziehung und Unterricht,,,,,,Enseignement,,,,,,Insegnamento,,,,,,Education,,,,,
10040,,4,Grundlegende Schul- und Berufsbildung,,,,,,Formation scolaire et professionnelle de base,,,,,,Formazione scolastica e professionale di base,,,,,,Basic academic and vocational education,,,,,
10070,'10.4,4,Höhere Berufsbildung und Hochschulen,,,,,,Formation professionnelle supérieure et hautes écoles,,,,,,Formazione professionale superiore e scuole universitarie,,,,,,Higher vocational education and universities,,,,,
10100,,4,Weiterbildungskurse,,,,,,Formation continue,,,,,,Formazione continua,,,,,,Life-long learning,,,,,
11,'11,2,Restaurants und Hotels,,,,,,Restaurants et hôtels,,,,,,Ristoranti e alberghi,,,,,,Restaurants and hotels,,,,,
11001,'11.1,3,Gaststätten,,,,,,Restauration,,,,,,Ristoranti,,,,,,Catering services,,,,,
11002,'11.1.1,3,,Restaurants und Cafés,,,,,,Restaurants et cafés,,,,,,Ristoranti e caffè,,,,,,Restaurants and  cafés,,,,
11003,,4,,,Mahlzeiten in Restaurants und Cafés,,,,,,Repas dans les restaurants et cafés,,,,,,Pasti nei ristoranti e caffè,,,,,,Meals taken in restaurants and cafés,,,
11050,,3,,,Getränke in Gaststätten und Cafés,,,,,,Boissons dans les restaurants et cafés,,,,,,Bevande nei ristoranti e caffè,,,,,,Beverages in restaurants and cafés,,,
11051,,3,,,,Alkoholische Getränke,,,,,,Boissons alcoolisées,,,,,,Bevande alcoliche,,,,,,Alcoholic beverages,,
11052,,4,,,,,Wein,,,,,,Vin,,,,,,Vino,,,,,,Wine,
11070,,4,,,,,Bier,,,,,,Bière,,,,,,Birra,,,,,,Beer,
11075,,4,,,,,Spirituosen und andere alkoholische Getränke,,,,,,Spiritueux et autres boissons alcoolisées,,,,,,Acquaviti e altre bevande alcoliche,,,,,,"Spirits, other alcoholic drinks",
11090,,3,,,,Alkoholfreie Getränke,,,,,,Boissons non alcoolisées,,,,,,Bevande analcoliche,,,,,,Non-alcoholic beverages,,
11091,,4,,,,,Kaffee und Tee,,,,,,Café et thé,,,,,,Caffè e tè,,,,,,Coffee and tea,
11103,,4,,,,,Mineralwasser und Süssgetränke,,,,,,Eaux minérales et boissons sucrées,,,,,,Acque minerali e bevande edulcorate,,,,,,Mineral water and soft drinks,
11120,,4,,,,,Andere alkoholfreie Getränke,,,,,,Autres boissons non alcoolisées,,,,,,Altre bevande analcoliche,,,,,,Other non-alcoholic beverages,
11130,,4,,Mahlzeiten zum Mitnehmen,,,,,,Restauration à l'emporter,,,,,,Ristorazione da asporto,,,,,,Takeaway food,,,,
11150,'11.1.2,3,,"Personalrestaurants, Kantinen",,,,,,Cantines,,,,,,Mense,,,,,,Canteens,,,,
11151,,4,,,Mahlzeiten in Personalrestaurants,,,,,,Repas dans les cantines,,,,,,Pasti nelle mense,,,,,,Meals in canteens,,,
11160,,4,,,Getränke in Personalrestaurants,,,,,,Boissons dans les cantines,,,,,,Bevande nelle mense,,,,,,Beverages in canteens,,,
11170,'11.2,3,Beherbergung,,,,,,Hébergement,,,,,,Pernottamenti,,,,,,Accommodation,,,,,
11171,,4,,Hotellerie,,,,,,Hôtellerie,,,,,,Settore alberghiero,,,,,,Hotels,,,,
11190,,4,,Parahotellerie,,,,,,Para-hôtellerie,,,,,,Settore paralberghiero,,,,,,Alternative accommodation facilities,,,,
12,'12,2,Sonstige Waren und Dienstleistungen,,,,,,Autres biens et services,,,,,,Altri beni e servizi,,,,,,Other goods and services,,,,,
12001,'12.1,3,Körperpflege,,,,,,Soins corporels,,,,,,Igiene personale,,,,,,Personal care,,,,,
12003,'12.1.1,4,,Coiffeur- und Kosmetikleistungen,,,,,,Services des coiffeurs et instituts de beauté,,,,,,Servizi parrucchiere e istituto di bellezza,,,,,,Hairdresser and beauty salon,,,,
12021,'12.1.3,3,,Waren für die Körperpflege,,,,,,Articles de soins corporels,,,,,,Articoli per l'igiene personale,,,,,,Articles for personal hygiene,,,,
12022,,3,,,Toilettenartikel,,,,,,Articles de toilette,,,,,,Articoli da toeletta,,,,,,Toiletries,,,
12023,,4,,,,Seifen und Badezusätze,,,,,,Savons et mousse pour le bain,,,,,,Saponi e schiume da bagno,,,,,,Soaps and foam baths,,
12040,,4,,,,Haarpflegemittel,,,,,,Articles de soins pour les cheveux,,,,,,Articoli per la cura dei capelli,,,,,,Hair-care products,,
12055,,4,,,,Zahnpflegemittel,,,,,,Articles de soins dentaires,,,,,,Articoli per la cura dei denti,,,,,,Dental-care products,,
12070,,4,,,,Schönheitspflegemittel und Kosmetika,,,,,,Produits de beauté et cosmétiques,,,,,,Prodotti di bellezza e cosmetici,,,,,,Beauty products and cosmetics,,
12100,,4,,,,Papierwaren für die Körperpflege,,,,,,Articles de soins corporels en papier,,,,,,Articoli in carta per la cura del corpo,,,,,,Paper articles for personal hygiene,,
,,,,,,,,Sanitätsmaterial,,,,,,Matériel sanitaire,,,,,,Materiale sanitario,,,,,,Medical products
12129,,4,,,Geräte für die Körperpflege,,,,,,Appareils pour les soins corporels,,,,,,Apparecchi per l'igiene personale,,,,,,Personal care appliances,,,
12160,'12.3,3,Persönliche Gebrauchsgegenstände,,,,,,Effets personnels,,,,,,Effetti personali,,,,,,Personal effects,,,,,
12161,'12.3.1,4,,Uhren,,,,,,Montres,,,,,,Orologi,,,,,,Watches,,,,
12170,'12.3.2,4,,Reiseartikel und Accessoires,,,,,,Articles de voyage et accessoires,,,,,,Articoli da viaggio e accessori,,,,,,"Luggages, bags and accessories",,,,
12190,'12.4,4,Soziale Einrichtungen,,,,,,Institutions sociales,,,,,,Istituzioni sociali,,,,,,Social protection services,,,,,
12500,'12.5,3,Versicherungen,,,,,,Assurances,,,,,,Assicurazioni,,,,,,Insurance,,,,,
12501,'12.5.2,4,,Hausratversicherung (inkl. Privathaftpflicht),,,,,,Assurance-ménage (incl. Responsabilité civile privée),,,,,,Assicurazione economia domestica (incl. Responsabilità civile privata),,,,,,Home and contents insurance (including private third-party insurance),,,,
12510,'12.5.3,4,,Private Krankenversicherung,,,,,,Assurance-maladie privée,,,,,,Assicurazione malattia privata,,,,,,Private health insurance,,,,
12520,'12.5.4,4,,Motorfahrzeugversicherung,,,,,,Assurance véhicules,,,,,,Assicurazione veicoli,,,,,,Car insurance,,,,
12531,'12.6,4,Finanzielle Dienstleistungen,,,,,,Services financiers,,,,,,Servizi finanziari,,,,,,Financial services,,,,,
12541,'12.7,4,Sonstige Dienstleistungen,,,,,,Autres services,,,,,,Altri servizi,,,,,,Other services,,,,,
,,,,,,,,,,,,,,,,,,,,,,,,,,
Total,,,,,,,,,Total,,,,,,Totale,,,,,,Total,,,,,
,,,,,,,,,,,,,,,,,,,,,,,,,,
100,,,Total,,,,,,Total,,,,,,Totale,,,,,,Total,,,,,
,,,,,,,,,,,,,,,,,,,,,,,,,,
Hauptgruppen,,,,,,,,,Groupes principaux,,,,,,Gruppi principali,,,,,,Major groups,,,,,
,,,,,,,,,,,,,,,,,,,,,,,,,,
1,01,,Nahrungsmittel und alkoholfreie Getränke,,,,,,Alimentation et boissons non-alcoolisées,,,,,,Prodotti alimentari e bevande analcoliche,,,,,,Food and non-alcoholic beverages,,,,,
2,02,,Alkoholische Getränke und Tabak,,,,,,Boissons alcoolisées et tabacs,,,,,,Bevande alcoliche e tabacchi,,,,,,Alcoholic beverages and tobacco,,,,,
3,03,,Bekleidung und Schuhe,,,,,,Habillement et chaussures,,,,,,Indumenti e calzature,,,,,,Clothing and footwear,,,,,
4,04,,Wohnen und Energie,,,,,,Logement et énergie,,,,,,Abitazione ed energia,,,,,,Housing and energy,,,,,
5,05,,Hausrat und laufende Haushaltsführung,,,,,,Equipement ménager et entretien courant,,,,,,"Mobili, articoli e servizi per la casa",,,,,,Household furniture and furnishings and routine maintenance,,,,,
6,06,,Gesundheitspflege,,,,,,Santé,,,,,,Sanità,,,,,,Health,,,,,
7,07,,Verkehr,,,,,,Transports,,,,,,Trasporti,,,,,,Transport,,,,,
8,08,,Nachrichtenübermittlung,,,,,,Communications,,,,,,Comunicazioni,,,,,,Communications,,,,,
9,09,,Freizeit und Kultur,,,,,,Loisirs et culture,,,,,,Tempo libero e cultura,,,,,,Recreation and culture,,,,,
10,10,,Erziehung und Unterricht,,,,,,Enseignement,,,,,,Insegnamento,,,,,,Education,,,,,
11,11,,Restaurants und Hotels,,,,,,Restaurants et hôtels,,,,,,Ristoranti e alberghi,,,,,,Restaurants and hotels,,,,,
12,12,,Sonstige Waren und Dienstleistungen,,,,,,Autres biens et services,,,,,,Altri beni e servizi,,,,,,Other goods and services,,,,,
,,,,,,,,,,,,,,,,,,,,,,,,,,
Art der Güter,,,,,,,,,Type de biens,,,,,,Genere di beni e servizi,,,,,,Type of goods,,,,,
,,,,,,,,,,,,,,,,,,,,,,,,,,
101,,,Waren,,,,,,Marchandises,,,,,,Beni,,,,,,Merchandise,,,,,
,,,,,,,,,,,,,,,,,,,,,,,,,,
111,,,,Nichtdauerhafte Waren,,,,,,Marchandises non durables,,,,,,Beni non durevoli,,,,,,Non durables,,,,
112,,,,Semidauerhafte Waren,,,,,,Marchandises semi-durables,,,,,,Beni semi-durevoli,,,,,,Semi durables,,,,
113,,,,Dauerhafte Waren,,,,,,Marchandises durables,,,,,,Beni durevoli,,,,,,Durables,,,,
,,,,,,,,,,,,,,,,,,,,,,,,,,
102,,,Dienstleistungen,,,,,,Services,,,,,,Servizi,,,,,,Services,,,,,
,,,,,,,,,,,,,,,,,,,,,,,,,,
116,,,,Private Dienstleistungen,,,,,,Services privés,,,,,,Servizi privati,,,,,,Private services,,,,
117,,,,Öffentliche Dienstleistungen,,,,,,Services publics,,,,,,Servizi pubblici,,,,,,Public services,,,,
,,,,,,,,,,,,,,,,,,,,,,,,,,
Herkunft der Güter,,,,,,,,,Provenance des biens,,,,,,Provenienza dei beni e servizi,,,,,,Origin of goods,,,,,
,,,,,,,,,,,,,,,,,,,,,,,,,,
118,,,Inland,,,,,,Biens et services du pays,,,,,,Beni e servizi indigeni,,,,,,Domestic goods and  services,,,,,
119,,,Ausland,,,,,,Biens et services de l'étranger,,,,,,Beni e servizi importati,,,,,,Foreign goods and services,,,,,
,,,,,,,,,,,,,,,,,,,,,,,,,,
Sondergliederungen,,,,,,,,,Classifications supplémentaires,,,,,,Altre classificazioni supplementari,,,,,,Additional classifications,,,,,
,,,,,,,,,,,,,,,,,,,,,,,,,,
101,,,Gesundheitspflege,,,,,,Services médicaux et dépenses de santé,,,,,,Sanità,,,,,,Medical services and expenditure on health,,,,,
102,,,Index ohne Gesundheitspflege,,,,,,Indice sans services médicaux et dépenses de santé,,,,,,Indice senza sanità,,,,,,Index without medical services and expenditure on health,,,,,
,,,,,,,,,,,,,,,,,,,,,,,,,,
101,,,Saisonprodukte,,,,,,Produits saisonniers,,,,,,Prodotti stagionali,,,,,,Seasonal products,,,,,
102,,,Index ohne Saisonprodukte,,,,,,Indice sans produits saisonniers,,,,,,Indice senza prodotti stagionali,,,,,,Index without seasonal products,,,,,
,,,,,,,,,,,,,,,,,,,,,,,,,,
101,,,Wohnungsmiete,,,,,,Loyer du logement,,,,,,Affitto dell' abitazione,,,,,,Housing rental,,,,,
102,,,Index ohne Wohnungsmiete,,,,,,Indice sans loyer du logement,,,,,,Indice senza l'affitto dell' abitazione,,,,,,Index without housing rental,,,,,
,,,,,,,,,,,,,,,,,,,,,,,,,,
101,,,Erdölprodukte,,,,,,Produits pétroliers,,,,,,Prodotti petroliferi,,,,,,Petroleum products,,,,,
102,,,Index ohne Erdölprodukte,,,,,,Indice sans produits pétroliers,,,,,,Indice senza prodotti petroliferi,,,,,,Index without petroleum products,,,,,
,,,,,,,,,,,,,,,,,,,,,,,,,,
101,,,Tabakwaren,,,,,,Produits du tabac,,,,,,Tabacco,,,,,,Tobacco products,,,,,
102,,,Index ohne Tabakwaren,,,,,,Indice sans produits du tabac,,,,,,Indice senza tabacco,,,,,,Index without tobacco products,,,,,
,,,,,,,,,,,,,,,,,,,,,,,,,,
101,,,Alkoholische Getränke,,,,,,Boissons alcoolisées,,,,,,Bevande alcoliche,,,,,,Alcoholic beverages,,,,,
104,,,Index ohne alkoholische Getränke,,,,,,Indice sans boissons alcoolisées,,,,,,Indice senza bevande alcoliche,,,,,,Index without alcoholic beverages,,,,,
,,,,,,,,,,,,,,,,,,,,,,,,,,
101,,,Bekleidung,,,,,,Habillement et chaussures,,,,,,Indumenti e calzature,,,,,,Clothing and footwear,,,,,
102,,,Index ohne Bekleidung,,,,,,Indice sans habillement et chaussures,,,,,,Indice senza indumenti e le calzature,,,,,,Index without clothing and footwear,,,,,
,,,,,,,,,,,,,,,,,,,,,,,,,,
100,,,Administrierte Preise,,,,,,Prix administrés,,,,,,Prezzi amministrati,,,,,,Administered prices,,,,,
110,,,Index ohne administrierte Preise,,,,,,Indice sans prix administrés,,,,,,Indice senza prezzi amministrati,,,,,,Index without administered prices,,,,,
,,,,,,,,,,,,,,,,,,,,,,,,,,
103,,,Kerninflation 1,,,,,,Inflation sous-jacente 1,,,,,,Zoccolo dell'inflazione 1,,,,,,Core inflation 1,,,,,
,,,,,,,,,,,,,,,,,,,,,,,,,,
302,,,Kerninflation 2,,,,,,Inflation sous-jacente 2,,,,,,Zoccolo dell'inflazione 2,,,,,,Core inflation 2,,,,,
,,,,,,,,,,,,,,,,,,,,,,,,,,
101,,,Frische und saisonale Produkte,,,,,,Produits frais et saisonniers,,,,,,Prodotti freschi e stagionali,,,,,,Fresh and seasonal products,,,,,
102,,,Energie und Treibstoffe,,,,,,Energie et carburants,,,,,,Energia e carburanti,,,,,,Energy and fuels,,,,,
,,,,,,,,,,,,,,,,,,,,,,,,,,
"© Bundesamt für Statistik, Espace de l'Europe 10, CH-2010 Neuchâtel",,,,,,,,,,,,,,,,,,,,,,,,,,
"Auskunft: LIK@bfs.admin.ch, 032 / 713 69 00",,,,,,,,,,,,,,,,,,,,,,,,,,
http://www.statistik.admin.ch,,,,,,,,,,,,,,,,,,,,,,,,,,